{"deferrable": {"0.125": [0.9941889220048761], "0.17500000000000002": [0.9941889220048761], "0.15000000000000002": [0.9941889220048761], "0.20000000000000001": [0.9941889220048761], "0.10000000000000001": [0.9941889220048761]}, "polling": {"0.125": [0.9948487507193069], "0.17500000000000002": [0.9948487507193069], "0.15000000000000002": [0.9948487507193069], "0.20000000000000001": [0.9948487507193069], "0.10000000000000001": [0.9948487507193069]}}