{"0.5": {}, "0.40000000000000002": {}, "0.20000000000000001": {}, "0.59999999999999998": {}, "0.30000000000000004": {}, "0.10000000000000001": {}, "deferrable": [0.9022447383861945, 0.8129792210693234, 0.7105466556515296, 0.6222799303169442, 0.5367421314947367, 0.4243314818235531, 0.34375], "polling": [0.9048374180359595, 0.8074014251453556, 0.7084204982669327, 0.6188075532287081, 0.5266071999667621, 0.4360145451175331, 0.3392682112262249], "0.70000000000000007": {}}