{"0.5": {"pol": {}, "bac": {}, "def": {}}, "0.40000000000000002": {"pol": {}, "bac": {}, "def": {}}, "0.20000000000000001": {"pol": {}, "bac": {}, "def": {}}, "0.59999999999999998": {"pol": {}, "bac": {}, "def": {}}, "0.30000000000000004": {"pol": {}, "bac": {}, "def": {}}, "0.10000000000000001": {"pol": {}, "bac": {}, "def": {}}, "deferrable": [0.9348298255907963, 0.8849102898888144, 0.8456248830141492, 0.6280910083120681, 0.5764499487951878, 0.5336356308443975, 0.78125], "polling": [0.9048374180359595, 0.8187307530779818, 0.7408182206817179, 0.6703200460356393, 0.6065306597126334, 0.5488116360940265, 0.49658530379140947], "0.70000000000000007": {"pol": {}, "bac": {}, "def": {}}}