{"0.4": {"pol": {"0.15250000000000002": 14.205242333902943, "0.17625000000000002": 16.383090345209975, "0.20000000000000001": 19.88957685491168, "0.033750000000000002": 9.32934758261337, "0.081250000000000003": 10.288658932726731, "0.01": 8.967628526554408, "0.105": 11.200460831005302, "0.057500000000000002": 9.62311494410462, "0.12875": 12.48307976328611}, "bac": {"0.15250000000000002": 20.460495679120346, "0.17625000000000002": 21.98758114967012, "0.20000000000000001": 23.246941344197587, "0.033750000000000002": 15.028108256098616, "0.081250000000000003": 16.950945031534797, "0.01": 14.17984877192553, "0.105": 18.44146096028816, "0.057500000000000002": 15.851645753435925, "0.12875": 19.4054789778018}, "def": {"0.15250000000000002": 8.484999307547312, "0.17625000000000002": 14.993429787903308, "0.20000000000000001": 26.60271563680507, "0.033750000000000002": 0.6106257196707783, "0.081250000000000003": 1.878970478334871, "0.01": 0.1790852641472832, "0.105": 3.092167181073317, "0.057500000000000002": 1.1354445043266213, "0.12875": 5.227419781279589}}, "0.2": {"pol": {"0.15250000000000002": 11.08722097257644, "0.17625000000000002": 11.711578184025058, "0.20000000000000001": 12.304415521775864, "0.033750000000000002": 9.35127122384213, "0.081250000000000003": 9.882124510084395, "0.01": 8.97368814820913, "0.105": 10.237106474325001, "0.057500000000000002": 9.639164801126984, "0.12875": 10.67644464166547}, "bac": {"0.15250000000000002": 6.347305005190698, "0.17625000000000002": 7.07484630963355, "0.20000000000000001": 7.633388675133373, "0.033750000000000002": 3.460050960883265, "0.081250000000000003": 4.613486713803982, "0.01": 2.911752361062468, "0.105": 5.1314379984644525, "0.057500000000000002": 4.022089690742967, "0.12875": 5.757677831558466}, "def": {"0.15250000000000002": 2.9465716059016622, "0.17625000000000002": 3.57120058468803, "0.20000000000000001": 4.225290960802604, "0.033750000000000002": 0.6144891422759285, "0.081250000000000003": 1.4636908540564573, "0.01": 0.1796945668726919, "0.105": 1.907993271747239, "0.057500000000000002": 1.0327365103652129, "0.12875": 2.4394157705883046}}}