{"0.4": {"0.02": {"pol": {"0.01": 2.979439669572066, "0.099999999999999978": 0.5196345323584185, "0.049999999999999996": 0.6264164703663202, "0.029999999999999999": 0.7459420438707139, "0.089999999999999983": 0.5266581281896894, "0.059999999999999991": 0.11620045344352174, "0.079999999999999988": 0.41492865243138466, "0.019999999999999997": 1.1195646562978327, "0.069999999999999993": 0.5214623888032346, "0.039999999999999994": 0.6023993002446386}, "bac": {"0.01": 0.3013188917479054, "0.099999999999999978": 0.3680271098680264, "0.049999999999999996": 0.3363030317550074, "0.029999999999999999": 0.2634797933166287, "0.089999999999999983": 0.4306051912740823, "0.059999999999999991": 0.3508800539545954, "0.079999999999999988": 0.48935734570548184, "0.019999999999999997": 0.14930973035054051, "0.069999999999999993": 0.3193620759201459, "0.039999999999999994": 0.20236182470795705}, "def": {"0.01": 0.1147060905882315, "0.099999999999999978": 0.3655314546809895, "0.049999999999999996": 0.10424990715602983, "0.029999999999999999": 0.07248978173997456, "0.089999999999999983": 0.3182392887303212, "0.059999999999999991": 0.15166010311413092, "0.079999999999999988": 0.24496942467007748, "0.019999999999999997": 0.07810209453040735, "0.069999999999999993": 0.17970213364200996, "0.039999999999999994": 0.09548347390122507}}, "0.04": {"pol": {"0.01": 5.993691875381403, "0.099999999999999978": 0.8438868365066903, "0.049999999999999996": 1.3002262466064058, "0.029999999999999999": 1.8522359154018693, "0.089999999999999983": 0.925985045436372, "0.059999999999999991": 0.6895109268230188, "0.079999999999999988": 0.756758257942881, "0.019999999999999997": 2.8895213870533567, "0.069999999999999993": 1.0133694503500725, "0.039999999999999994": 1.163162478820336}, "bac": {"0.01": 0.41550012382937224, "0.099999999999999978": 0.46554387177238404, "0.049999999999999996": 0.33054756682809644, "0.029999999999999999": 0.2599660626223964, "0.089999999999999983": 0.3262284649056866, "0.059999999999999991": 0.4350406301276149, "0.079999999999999988": 0.44649264519621995, "0.019999999999999997": 0.3244833690571114, "0.069999999999999993": 0.4340134124976476, "0.039999999999999994": 0.30724465520399025}, "def": {"0.01": 0.23504695040253606, "0.099999999999999978": 0.4070344630876902, "0.049999999999999996": 0.13619576889996027, "0.029999999999999999": 0.14986598594999026, "0.089999999999999983": 0.331546857725731, "0.059999999999999991": 0.21599295765627194, "0.079999999999999988": 0.24061440958748062, "0.019999999999999997": 0.3958637004771009, "0.069999999999999993": 0.21092821806613496, "0.039999999999999994": 0.22845517605250254}}}, "0.2": {"0.02": {"pol": {"0.20333333333333334": 0.4877445701544666, "0.1711111111111111": 0.42776114457671505, "0.1388888888888889": 0.41216856698719156, "0.29999999999999999": 0.588629897553786, "0.10666666666666666": 0.4196850934408286, "0.26777777777777778": 0.6147530495749601, "0.074444444444444438": 0.5084242179551848, "0.042222222222222223": 0.7385372386551958, "0.01": 2.923654908078562, "0.23555555555555557": 0.5833064532539338}, "bac": {"0.20333333333333334": 0.3314505810290194, "0.1711111111111111": 0.29133669172058524, "0.1388888888888889": 0.2942940019923975, "0.29999999999999999": 0.5525118079932934, "0.10666666666666666": 0.19846260966349433, "0.26777777777777778": 0.39202643210905697, "0.074444444444444438": 0.11617513325356056, "0.042222222222222223": 0.10931656417368109, "0.01": 0.09772899330477822, "0.23555555555555557": 0.35870739572125654}, "def": {"0.20333333333333334": 0.40478776711199294, "0.1711111111111111": 0.28880024667806525, "0.1388888888888889": 0.21595493105340988, "0.29999999999999999": 0.768486879099194, "0.10666666666666666": 0.1604432705970897, "0.26777777777777778": 0.6750763326135523, "0.074444444444444438": 0.10439722050469295, "0.042222222222222223": 0.07673693878370463, "0.01": 0.0833495654216056, "0.23555555555555557": 0.44244979048173994}}, "0.04": {"pol": {"0.20333333333333334": 0.6584380194849221, "0.1711111111111111": 0.6460619352428563, "0.1388888888888889": 0.6447597681249518, "0.29999999999999999": 0.8466965518043674, "0.10666666666666666": 0.7011089098188719, "0.26777777777777778": 0.7736659887597908, "0.074444444444444438": 0.9120658373552075, "0.042222222222222223": 1.4603272113299144, "0.01": 5.781868050939059, "0.23555555555555557": 0.6808988242004428}, "bac": {"0.20333333333333334": 0.32409039267250855, "0.1711111111111111": 0.3266544764654034, "0.1388888888888889": 0.34506987593382316, "0.29999999999999999": 0.5389516690752691, "0.10666666666666666": 0.2349111911672968, "0.26777777777777778": 0.5218805883550109, "0.074444444444444438": 0.17164149141489166, "0.042222222222222223": 0.1777119800379988, "0.01": 0.15243493425471324, "0.23555555555555557": 0.4196767803022305}, "def": {"0.20333333333333334": 0.41124188840241005, "0.1711111111111111": 0.3295511858141349, "0.1388888888888889": 0.24249536770473884, "0.29999999999999999": 0.9371459800027883, "0.10666666666666666": 0.18586496082331866, "0.26777777777777778": 0.665895221339334, "0.074444444444444438": 0.15229380111416266, "0.042222222222222223": 0.12640879938002664, "0.01": 0.18502375205112118, "0.23555555555555557": 0.5056264280029447}}}}