{"0.4": {"0.04": {"pol": {"4.0027272727272729": 424.83401474660957, "3.5036363636363634": 407.8123949822807, "2.5054545454545454": 372.97601737629196, "2.0063636363636363": 235.96842327923102, "5.5": 515.2720603966726, "1.5072727272727273": 264.99256309371344, "1.0081818181818181": 312.9726136757126, "3.0045454545454544": 453.7479955381446, "5.000909090909091": 571.6543760370079, "0.50909090909090904": 127.73849230608101, "4.5018181818181819": 360.51480932038606, "0.01": 1.9956658244579295}, "def": {"4.0027272727272729": 451.4885407066211, "3.5036363636363634": 496.25886650887713, "2.5054545454545454": 466.68453916361256, "2.0063636363636363": 288.19169686393104, "5.5": 414.12186950041274, "1.5072727272727273": 168.6823101931938, "1.0081818181818181": 215.2246837358325, "3.0045454545454544": 596.0238354047681, "5.000909090909091": 714.9125137194446, "0.50909090909090904": 157.51435820588136, "4.5018181818181819": 362.09058389169934, "0.01": 0.10583293042064286}}, "0.02": {"pol": {"4.0027272727272729": 439.77134771058434, "3.5036363636363634": 350.02740267252256, "2.5054545454545454": 478.4046888885303, "2.0063636363636363": 270.5941719628599, "5.5": 421.6148028235746, "1.5072727272727273": 166.392694934858, "1.0081818181818181": 178.06646176076444, "3.0045454545454544": 566.7427525468237, "5.000909090909091": 428.41931633964276, "0.50909090909090904": 96.72419056252924, "4.5018181818181819": 449.9212325776353, "0.01": 1.7791045785328168}, "def": {"4.0027272727272729": 394.9052587618842, "3.5036363636363634": 361.9348033974165, "2.5054545454545454": 398.2324894814538, "2.0063636363636363": 359.82622332785206, "5.5": 548.1429613306599, "1.5072727272727273": 194.43553840759313, "1.0081818181818181": 131.7252388372925, "3.0045454545454544": 557.3346851624677, "5.000909090909091": 471.38179838496075, "0.50909090909090904": 250.05846466969106, "4.5018181818181819": 348.15199821558247, "0.01": 0.060444606258247636}}}, "0.2": {"0.04": {"pol": {"3.6309090909090909": 293.7664965125073, "4.1481818181818184": 348.69237997655705, "2.0790909090909091": 119.04186384581993, "4.665454545454546": 298.9149384865422, "1.0445454545454547": 125.67674913533907, "5.1827272727272735": 431.3456342059309, "2.5963636363636367": 120.63441814489035, "5.7000000000000002": 355.6925452408747, "0.52727272727272734": 3.2499862681544323, "3.1136363636363638": 226.2824504442115, "0.01": 1.7236746363008535, "1.561818181818182": 146.76334489110485}, "def": {"3.6309090909090909": 239.5566198808476, "4.1481818181818184": 233.63831368520897, "2.0790909090909091": 137.49232439571344, "4.665454545454546": 429.3396587285879, "1.0445454545454547": 135.09195197435986, "5.1827272727272735": 419.71814581003963, "2.5963636363636367": 155.6846040157513, "5.7000000000000002": 385.5399147204853, "0.52727272727272734": 16.11641349850809, "3.1136363636363638": 246.28290611613113, "0.01": 0.13274338881251982, "1.561818181818182": 146.8562262113223}}, "0.02": {"pol": {"3.6309090909090909": 229.89656434737773, "4.1481818181818184": 258.92289545162345, "2.0790909090909091": 307.56587347235126, "4.665454545454546": 468.1285207698854, "1.0445454545454547": 355.3449854436724, "5.1827272727272735": 251.3735630022199, "2.5963636363636367": 125.7531451058156, "5.7000000000000002": 361.9237355692061, "0.52727272727272734": 4.132238196722953, "3.1136363636363638": 235.43475394203807, "0.01": 1.1015154107930138, "1.561818181818182": 243.09453769370893}, "def": {"3.6309090909090909": 223.3959351855, "4.1481818181818184": 461.2350169237117, "2.0790909090909091": 157.74844226379028, "4.665454545454546": 305.45890097013205, "1.0445454545454547": 222.42480831327782, "5.1827272727272735": 334.9985266859648, "2.5963636363636367": 203.60136197509908, "5.7000000000000002": 380.2289711725187, "0.52727272727272734": 6.797655247978786, "3.1136363636363638": 167.7530610109743, "0.01": 0.0646668629288454, "1.561818181818182": 265.6567969598204}}}}