{"0.4": {"0.04": {"pol": {"0.20333333333333331": 2.328527196708921, "0.17111111111111107": 1.4870432408017282, "0.13888888888888887": 1.3404737379990819, "0.29999999999999993": 2.3637455640618388, "0.10666666666666665": 1.4040218919823857, "0.26777777777777773": 3.637870989524365, "0.074444444444444424": 2.027149197363502, "0.042222222222222217": 1.3774109543144992, "0.01": 2.1178928336639693, "0.23555555555555552": 3.0714408181825905}, "bac": {"0.20333333333333331": 0.5682193304307733, "0.17111111111111107": 0.6124001026507186, "0.13888888888888887": 0.3818421200085771, "0.29999999999999993": 0.9108345517037405, "0.10666666666666665": 0.3410776830315913, "0.26777777777777773": 0.8512686179559845, "0.074444444444444424": 0.2754292807390525, "0.042222222222222217": 0.5859988361113713, "0.01": 0.7717153534792267, "0.23555555555555552": 0.7351285825986349}, "def": {"0.20333333333333331": 1.7202714311086054, "0.17111111111111107": 0.22037427984453603, "0.13888888888888887": 0.2264114708309541, "0.29999999999999993": 4.5220694765782845, "0.10666666666666665": 0.21158338976096808, "0.26777777777777773": 1.223219528803567, "0.074444444444444424": 0.2346114890567086, "0.042222222222222217": 0.1137698455090098, "0.01": 0.07101505247601203, "0.23555555555555552": 0.3392284082686905}}, "0.02": {"pol": {"0.20333333333333331": 1.7079602305738304, "0.17111111111111107": 2.322114988047461, "0.13888888888888887": 1.390640313685125, "0.29999999999999993": 1.441394089785135, "0.10666666666666665": 1.1860112193717933, "0.26777777777777773": 0.9302788508928417, "0.074444444444444424": 0.7698202569093211, "0.042222222222222217": 1.616126275638503, "0.01": 0.5468864354608329, "0.23555555555555552": 3.9471935105484666}, "bac": {"0.20333333333333331": 0.6325673387523424, "0.17111111111111107": 0.7288078897453687, "0.13888888888888887": 0.19562077118349125, "0.29999999999999993": 0.7316394639103054, "0.10666666666666665": 0.40667186870233907, "0.26777777777777773": 0.7093833350960788, "0.074444444444444424": 0.45402367846360187, "0.042222222222222217": 0.18510169391132916, "0.01": 0.16783784486021217, "0.23555555555555552": 0.44251236176259784}, "def": {"0.20333333333333331": 0.6876543759457329, "0.17111111111111107": 0.5680899655535101, "0.13888888888888887": 0.2984064701620849, "0.29999999999999993": 1.0507746305860672, "0.10666666666666665": 0.19901242336829683, "0.26777777777777773": 1.393706141851094, "0.074444444444444424": 0.11691105846812619, "0.042222222222222217": 0.14724913844227133, "0.01": 0.028837295501361975, "0.23555555555555552": 0.3105580728175474}}}, "0.2": {"0.04": {"pol": {"0.33666666666666661": 1.6967907662360242, "0.44555555555555548": 2.5497468127647247, "0.11888888888888886": 1.4170620514112788, "0.17333333333333331": 1.4381674260472521, "0.28222222222222215": 1.2894842622932114, "0.22777777777777775": 1.7315929255556755, "0.064444444444444429": 0.9313766924700653, "0.39111111111111108": 1.4900539895864418, "0.01": 1.3304915933950525, "0.49999999999999994": 4.011188436532476}, "bac": {"0.33666666666666661": 0.4208868632832608, "0.44555555555555548": 0.5883413486605411, "0.11888888888888886": 0.22797073328301695, "0.17333333333333331": 0.19089280822993743, "0.28222222222222215": 0.40538731572069236, "0.22777777777777775": 0.40724334790359995, "0.064444444444444429": 0.28713313888228836, "0.39111111111111108": 0.2984686502466456, "0.01": 0.22796297634814433, "0.49999999999999994": 2.0352943834323862}, "def": {"0.33666666666666661": 0.3506605006856525, "0.44555555555555548": 1.351707732906822, "0.11888888888888886": 0.15142334805604812, "0.17333333333333331": 0.4572373078750248, "0.28222222222222215": 0.30136512484166306, "0.22777777777777775": 0.2804517498528175, "0.064444444444444429": 0.16685955793031154, "0.39111111111111108": 1.5101939845152614, "0.01": 0.178479621923044, "0.49999999999999994": 2.29416720619807}}, "0.02": {"pol": {"0.33666666666666661": 0.898979372704219, "0.44555555555555548": 2.2986660794157836, "0.11888888888888886": 1.370192827212106, "0.17333333333333331": 1.281616301362794, "0.28222222222222215": 1.3187987512666834, "0.22777777777777775": 1.2297317898711448, "0.064444444444444429": 0.9095131693008544, "0.39111111111111108": 1.4658393865897845, "0.01": 1.1357708285492547, "0.49999999999999994": 2.345893712883693}, "bac": {"0.33666666666666661": 0.40002405265275404, "0.44555555555555548": 0.4574127430041156, "0.11888888888888886": 0.17837112722308462, "0.17333333333333331": 0.2131919648376961, "0.28222222222222215": 0.35728160949528087, "0.22777777777777775": 0.32633339119616, "0.064444444444444429": 0.1322535760951561, "0.39111111111111108": 0.8287481994654115, "0.01": 0.06478118707259146, "0.49999999999999994": 1.6540778534837797}, "def": {"0.33666666666666661": 0.397960682483301, "0.44555555555555548": 2.0961071843988393, "0.11888888888888886": 0.1320229318618744, "0.17333333333333331": 0.14647938700501, "0.28222222222222215": 0.33110636262418347, "0.22777777777777775": 0.1594485615093113, "0.064444444444444429": 0.13120980637109775, "0.39111111111111108": 1.702289553171194, "0.01": 0.05226485332460573, "0.49999999999999994": 0.7119816123811272}}}}