{"0.4": {"pol": {"0.15250000000000002": 14.160849053557772, "0.17625000000000002": 16.335467744747064, "0.20000000000000001": 20.08318854026132, "0.033750000000000002": 9.31226410489002, "0.081250000000000003": 10.294603781643461, "0.01": 8.9665711496854, "0.105": 11.159498270548704, "0.057500000000000002": 9.657268359565379, "0.12875": 12.498986484749818}, "bac": {"0.15250000000000002": 16.290692961943364, "0.17625000000000002": 17.43610328387694, "0.20000000000000001": 18.92550571573898, "0.033750000000000002": 11.101904937304063, "0.081250000000000003": 13.036147519144432, "0.01": 10.336172468060074, "0.105": 13.99901013153273, "0.057500000000000002": 11.995069139110154, "0.12875": 15.192795038480627}, "def": {"0.15250000000000002": 8.837931302197626, "0.17625000000000002": 14.348337344016597, "0.20000000000000001": 26.37459387175402, "0.033750000000000002": 0.6178401145343928, "0.081250000000000003": 1.906307421882975, "0.01": 0.1795273263204367, "0.105": 3.0625124409393685, "0.057500000000000002": 1.1181931900428286, "0.12875": 5.0921648695378785}}, "0.2": {"pol": {"0.15250000000000002": 11.187879020618679, "0.17625000000000002": 11.641147572091178, "0.20000000000000001": 12.182806589484832, "0.033750000000000002": 9.28491023604964, "0.081250000000000003": 9.92597159076221, "0.01": 8.962408561821741, "0.105": 10.261916015430577, "0.057500000000000002": 9.662287563070198, "0.12875": 10.56377868074392}, "bac": {"0.15250000000000002": 5.415891679235266, "0.17625000000000002": 6.048328365162226, "0.20000000000000001": 6.7293302822822785, "0.033750000000000002": 2.6069784118917534, "0.081250000000000003": 3.68699064950481, "0.01": 2.107459740501782, "0.105": 4.280056107628234, "0.057500000000000002": 3.1274620166768687, "0.12875": 4.858655625036864}, "def": {"0.15250000000000002": 2.9069422412073567, "0.17625000000000002": 3.567181732126689, "0.20000000000000001": 4.283039613803294, "0.033750000000000002": 0.6091238055999113, "0.081250000000000003": 1.4628253567726164, "0.01": 0.17786264926253503, "0.105": 1.9306558463587797, "0.057500000000000002": 1.0290808080099716, "0.12875": 2.3952583537984418}}}