{"0.4": {"pol": {"0.15250000000000002": 14.594198843598614, "0.17625000000000002": 17.228874539479634, "0.20000000000000001": 19.79805736960633, "0.033750000000000002": 9.253979585921643, "0.081250000000000003": 10.262561515370232, "0.01": 9.112318757792718, "0.105": 11.062306828324786, "0.057500000000000002": 9.625778832841599, "0.12875": 12.536281367120608}, "bac": {"0.15250000000000002": 12.793767664240209, "0.17625000000000002": 13.885509089110679, "0.20000000000000001": 15.196359650607826, "0.033750000000000002": 8.31567877497772, "0.081250000000000003": 9.874495931959391, "0.01": 7.515485805843245, "0.105": 10.649999153825428, "0.057500000000000002": 9.351868998294703, "0.12875": 11.837846355443434}, "def": {"0.15250000000000002": 8.513219101123642, "0.17625000000000002": 13.579745481494907, "0.20000000000000001": 26.26007017455029, "0.033750000000000002": 0.596254351434563, "0.081250000000000003": 1.8738177934443085, "0.01": 0.15339727101203185, "0.105": 3.0427984191606963, "0.057500000000000002": 1.1035698324326133, "0.12875": 5.11925467985613}}, "0.2": {"pol": {"0.15250000000000002": 11.106636179956999, "0.17625000000000002": 11.674770905888742, "0.20000000000000001": 12.394315855766656, "0.033750000000000002": 9.334975768746867, "0.081250000000000003": 10.002063254976251, "0.01": 8.88727099666956, "0.105": 10.186993067302582, "0.057500000000000002": 9.523903082315078, "0.12875": 10.750780339425704}, "bac": {"0.15250000000000002": 4.725498926548674, "0.17625000000000002": 5.2699170928873, "0.20000000000000001": 5.885045553661248, "0.033750000000000002": 2.060284014789696, "0.081250000000000003": 3.1256591305524792, "0.01": 1.5582537554041511, "0.105": 3.6083525908231975, "0.057500000000000002": 2.55074703860739, "0.12875": 4.184009996400425}, "def": {"0.15250000000000002": 2.9556406011716976, "0.17625000000000002": 3.4675907272073205, "0.20000000000000001": 4.3306696180806314, "0.033750000000000002": 0.5707407817857757, "0.081250000000000003": 1.4259925623932221, "0.01": 0.152021591443289, "0.105": 1.8898382631390416, "0.057500000000000002": 1.0206195796283024, "0.12875": 2.3676890535570405}}}