{"0.4": {"pol": {"0.15250000000000002": 14.174820904658883, "0.17625000000000002": 15.844483346509865, "0.20000000000000001": 20.91474171156617, "0.033750000000000002": 9.281328510981963, "0.081250000000000003": 10.235384322347796, "0.01": 8.891183450140332, "0.105": 11.126729170117066, "0.057500000000000002": 9.674190197610892, "0.12875": 12.329987479638083}, "bac": {"0.15250000000000002": 20.786744228013582, "0.17625000000000002": 22.496265159899487, "0.20000000000000001": 23.313667249257946, "0.033750000000000002": 15.27662059657059, "0.081250000000000003": 17.36146644101286, "0.01": 14.258113011287165, "0.105": 18.239797953869722, "0.057500000000000002": 15.834114507371629, "0.12875": 19.69284632962499}, "def": {"0.15250000000000002": 8.720260886566468, "0.17625000000000002": 15.169863649097728, "0.20000000000000001": 24.454571618902147, "0.033750000000000002": 0.5824234122629095, "0.081250000000000003": 1.8782570893841555, "0.01": 0.15360485284935346, "0.105": 3.02971612339208, "0.057500000000000002": 1.1038255037500693, "0.12875": 5.1283864738169}}, "0.2": {"pol": {"0.15250000000000002": 11.083511648707008, "0.17625000000000002": 11.714714607367547, "0.20000000000000001": 12.185156510814046, "0.033750000000000002": 9.216608149645571, "0.081250000000000003": 9.798960219573503, "0.01": 8.989543182757885, "0.105": 10.200405170403736, "0.057500000000000002": 9.6011634387638, "0.12875": 10.571024336418446}, "bac": {"0.15250000000000002": 6.521791967110032, "0.17625000000000002": 6.984327055961139, "0.20000000000000001": 7.57148578937932, "0.033750000000000002": 3.442779892328711, "0.081250000000000003": 4.482529870538701, "0.01": 2.910512068873226, "0.105": 5.030996611116313, "0.057500000000000002": 4.094626934339565, "0.12875": 5.684791509145054}, "def": {"0.15250000000000002": 2.878697919142996, "0.17625000000000002": 3.5452987817854673, "0.20000000000000001": 4.3189093108427, "0.033750000000000002": 0.5851336074987148, "0.081250000000000003": 1.4526164824483228, "0.01": 0.15437063557876463, "0.105": 1.8773933038296886, "0.057500000000000002": 1.0066558484082988, "0.12875": 2.3967319501440807}}}