{"0.4": {"pol": {"0.15250000000000002": 14.410247472319819, "0.17625000000000002": 16.51490280797919, "0.20000000000000001": 19.243137123508863, "0.033750000000000002": 9.257593648685557, "0.081250000000000003": 10.257970202538639, "0.01": 8.91189245166002, "0.105": 11.070933611261195, "0.057500000000000002": 9.646098442283662, "0.12875": 12.64862958202536}, "bac": {"0.15250000000000002": 18.562665361940017, "0.17625000000000002": 19.524298364028468, "0.20000000000000001": 20.8661381663806, "0.033750000000000002": 13.277866384740204, "0.081250000000000003": 15.144012646582768, "0.01": 12.72485097968767, "0.105": 16.329441216545057, "0.057500000000000002": 14.223149519300186, "0.12875": 17.36965263690586}, "def": {"0.15250000000000002": 8.666848869745724, "0.17625000000000002": 15.73597703055985, "0.20000000000000001": 28.323413486452452, "0.033750000000000002": 0.5839726544544205, "0.081250000000000003": 1.9088864688402614, "0.01": 0.15296231073988897, "0.105": 3.1479367273219006, "0.057500000000000002": 1.1280384868043023, "0.12875": 5.106347103622902}}, "0.2": {"pol": {"0.15250000000000002": 11.00896420690915, "0.17625000000000002": 11.494586184554455, "0.20000000000000001": 12.355556376720411, "0.033750000000000002": 9.260404868267614, "0.081250000000000003": 9.747216818263968, "0.01": 8.97520519816745, "0.105": 10.213202603417326, "0.057500000000000002": 9.599268097644899, "0.12875": 10.599260905660431}, "bac": {"0.15250000000000002": 5.859495803458875, "0.17625000000000002": 6.548646276672083, "0.20000000000000001": 7.098854579809404, "0.033750000000000002": 3.095639636446028, "0.081250000000000003": 4.144500144383688, "0.01": 2.497254671053275, "0.105": 4.617812516633804, "0.057500000000000002": 3.5470704343917503, "0.12875": 5.353647620982365}, "def": {"0.15250000000000002": 2.9457636384151082, "0.17625000000000002": 3.6464659131453416, "0.20000000000000001": 4.284827623762507, "0.033750000000000002": 0.5845948897128775, "0.081250000000000003": 1.456161401995278, "0.01": 0.15684979463803927, "0.105": 1.901321590214117, "0.057500000000000002": 1.0043478256965979, "0.12875": 2.412323118628875}}}