{"0.4": {"pol": {"0.15250000000000002": 14.094728496081924, "0.17625000000000002": 16.621802341062246, "0.20000000000000001": 19.983862581149285, "0.033750000000000002": 9.373988567784423, "0.081250000000000003": 10.32553592514468, "0.01": 9.016912834939038, "0.105": 11.170760550581504, "0.057500000000000002": 9.707305009750307, "0.12875": 12.498435495904435}, "bac": {"0.15250000000000002": 12.829361319374652, "0.17625000000000002": 13.896051971889271, "0.20000000000000001": 15.107576781489499, "0.033750000000000002": 8.291602825933808, "0.081250000000000003": 10.115609091060733, "0.01": 7.644539530475126, "0.105": 10.970112988421139, "0.057500000000000002": 9.263327418485659, "0.12875": 11.917833067566141}, "def": {"0.15250000000000002": 8.39976151848845, "0.17625000000000002": 14.339412973109164, "0.20000000000000001": 24.68917722181126, "0.033750000000000002": 0.617203372485815, "0.081250000000000003": 1.866010277185075, "0.01": 0.18062136886729763, "0.105": 3.1905147039949884, "0.057500000000000002": 1.1286767433962468, "0.12875": 5.13521103485698}}, "0.2": {"pol": {"0.15250000000000002": 11.159788597931103, "0.17625000000000002": 11.648362578964667, "0.20000000000000001": 12.36188742302326, "0.033750000000000002": 9.340303343040944, "0.081250000000000003": 9.99584098235588, "0.01": 8.990761963233158, "0.105": 10.365540056756828, "0.057500000000000002": 9.689494561821475, "0.12875": 10.639391201119262}, "bac": {"0.15250000000000002": 4.798156295819947, "0.17625000000000002": 5.373484238131851, "0.20000000000000001": 5.985108716526356, "0.033750000000000002": 2.0711008639768376, "0.081250000000000003": 3.10919891814293, "0.01": 1.593044087434198, "0.105": 3.7055518636991045, "0.057500000000000002": 2.5989526077823317, "0.12875": 4.19473871113191}, "def": {"0.15250000000000002": 2.9587975947722103, "0.17625000000000002": 3.5091350260383107, "0.20000000000000001": 4.35948171773769, "0.033750000000000002": 0.6088861431804246, "0.081250000000000003": 1.4573013519946107, "0.01": 0.1811874556802777, "0.105": 1.910308851715541, "0.057500000000000002": 1.0355888565700744, "0.12875": 2.4148389528361225}}}