{"0.4": {"0.04": {"pol": {"0.27363636363636357": 29.806717678825386, "0.16818181818181815": 24.326296910341572, "0.11545454545454542": 25.075516417413272, "0.036363636363636355": 26.40064786972803, "0.14181818181818179": 23.893521177231644, "0.29999999999999993": 43.72485006739118, "0.22090909090909086": 25.4649525103033, "0.062727272727272715": 25.82345533172174, "0.24727272727272723": 26.745598869719508, "0.19454545454545449": 24.509450073984766, "0.089090909090909068": 25.271849743775192, "0.01": 26.167767244445276}, "def": {"0.27363636363636357": 502.14380368046864, "0.16818181818181815": 3.265572544625895, "0.11545454545454542": 2.259588867034963, "0.036363636363636355": 2.0367006220531074, "0.14181818181818179": 3.092351588749836, "0.29999999999999993": 945.754596062472, "0.22090909090909086": 17.359300528974423, "0.062727272727272715": 2.0499402889054807, "0.24727272727272723": 78.59212646904915, "0.19454545454545449": 6.6964904188064045, "0.089090909090909068": 2.2229420651893004, "0.01": 1.7695141112368107}}, "0.02": {"pol": {"0.27363636363636357": 25.045844754645135, "0.16818181818181815": 22.2893533735945, "0.11545454545454542": 23.288095538354835, "0.036363636363636355": 25.279407663285, "0.14181818181818179": 22.5657693182592, "0.29999999999999993": 33.443699320291074, "0.22090909090909086": 22.723779338961993, "0.062727272727272715": 24.709289377761397, "0.24727272727272723": 22.933602092198164, "0.19454545454545449": 22.208721726089596, "0.089090909090909068": 23.77044252982559, "0.01": 26.10942788014354}, "def": {"0.27363636363636357": 501.4519410396186, "0.16818181818181815": 1.2667201205798784, "0.11545454545454542": 1.071819909760401, "0.036363636363636355": 0.9869476372221831, "0.14181818181818179": 1.1287785691288919, "0.29999999999999993": 2654.1627438989412, "0.22090909090909086": 3.3811372142779366, "0.062727272727272715": 1.027190118959897, "0.24727272727272723": 30.908754206219434, "0.19454545454545449": 2.93439411002055, "0.089090909090909068": 0.9892914857317415, "0.01": 1.0030955456877466}}}, "0.2": {"0.04": {"pol": {"0.18818181818181817": 22.669837673933245, "0.32181818181818178": 21.272614866929732, "0.45545454545454545": 21.25017314256817, "0.27727272727272723": 21.574096549453223, "0.23272727272727273": 22.15060088150277, "0.41090909090909089": 21.398857706036704, "0.099090909090909077": 24.69501509143664, "0.14363636363636362": 23.529921290057683, "0.054545454545454543": 25.55551366664495, "0.36636363636363634": 21.245742448714505, "0.01": 27.248585732227006, "0.49999999999999994": 23.57787965505506}, "def": {"0.18818181818181817": 2.0629429927923666, "0.32181818181818178": 2.6330757909892055, "0.45545454545454545": 6.791886806086424, "0.27727272727272723": 2.273303127119372, "0.23272727272727273": 2.067494141516288, "0.41090909090909089": 3.991229363952318, "0.099090909090909077": 2.0777287899802963, "0.14363636363636362": 2.0078652704065107, "0.054545454545454543": 1.9730746007468172, "0.36636363636363634": 2.8833221066857933, "0.01": 1.9997109977064844, "0.49999999999999994": 13.594231236820487}}, "0.02": {"pol": {"0.18818181818181817": 21.465534779101553, "0.32181818181818178": 19.180041291938018, "0.45545454545454545": 18.41338471524089, "0.27727272727272723": 19.89774257983167, "0.23272727272727273": 20.657908599807307, "0.41090909090909089": 18.60607731075114, "0.099090909090909077": 23.604244820975286, "0.14363636363636362": 22.598585158426456, "0.054545454545454543": 24.911993506812383, "0.36636363636363634": 18.44042549005448, "0.01": 23.460257622664155, "0.49999999999999994": 19.255891587889682}, "def": {"0.18818181818181817": 1.0215472375037689, "0.32181818181818178": 1.2528578189931725, "0.45545454545454545": 2.5717172357724363, "0.27727272727272723": 1.1247719823521833, "0.23272727272727273": 1.0780476546127786, "0.41090909090909089": 1.7232270835192869, "0.099090909090909077": 0.9886130583302829, "0.14363636363636362": 0.9912861878268417, "0.054545454545454543": 0.9627055953251912, "0.36636363636363634": 1.3409025985787149, "0.01": 1.0526676888971265, "0.49999999999999994": 9.057030622635779}}}}