{"0.4": {"pol": {"0.15250000000000002": 14.229212696437113, "0.17625000000000002": 16.636745282819465, "0.20000000000000001": 19.42094873792693, "0.033750000000000002": 9.41458143718632, "0.081250000000000003": 10.349180840092792, "0.01": 8.998204236824, "0.105": 11.204787940144868, "0.057500000000000002": 9.734032596174243, "0.12875": 12.650697868460751}, "bac": {"0.15250000000000002": 12.656392544152398, "0.17625000000000002": 13.640031814435252, "0.20000000000000001": 14.632743132859666, "0.033750000000000002": 7.9815727492343065, "0.081250000000000003": 9.738525268247486, "0.01": 7.32375993156351, "0.105": 10.569673510613239, "0.057500000000000002": 8.837062864862055, "0.12875": 11.684823364444238}, "def": {"0.15250000000000002": 8.461904470318544, "0.17625000000000002": 15.219170221857885, "0.20000000000000001": 29.119319137758616, "0.033750000000000002": 0.6207486669219462, "0.081250000000000003": 1.899806535400102, "0.01": 0.1805230247135918, "0.105": 3.1040131314905532, "0.057500000000000002": 1.1262721034027132, "0.12875": 5.228305522068113}}, "0.2": {"pol": {"0.15250000000000002": 11.189410049318777, "0.17625000000000002": 11.632445482303828, "0.20000000000000001": 12.47245515515555, "0.033750000000000002": 9.362854391940038, "0.081250000000000003": 10.032370161503758, "0.01": 8.987990317787993, "0.105": 10.27210622009354, "0.057500000000000002": 9.693000266886134, "0.12875": 10.713202459712873}, "bac": {"0.15250000000000002": 4.701546519029711, "0.17625000000000002": 5.2514476862001835, "0.20000000000000001": 5.851048472000302, "0.033750000000000002": 1.9700658323658182, "0.081250000000000003": 3.0486701248345494, "0.01": 1.475283522831906, "0.105": 3.5449523851173077, "0.057500000000000002": 2.4917580539816186, "0.12875": 4.099336604095913}, "def": {"0.15250000000000002": 2.945211806409053, "0.17625000000000002": 3.6325686690979837, "0.20000000000000001": 4.3384550149127525, "0.033750000000000002": 0.6072300810741597, "0.081250000000000003": 1.4780774736683342, "0.01": 0.17992667407522564, "0.105": 1.923699803994063, "0.057500000000000002": 1.0180054217187717, "0.12875": 2.3786372336613586}}}