{"0.4": {"0.1": {"pol": {"0.12777777777777777": 27.50931789885672, "0.26666666666666666": 109.64022386672642, "0.10000000000000001": 27.491115641865655, "0.2944444444444444": 594.9110819185503, "0.21111111111111111": 41.60693182972268, "0.15555555555555556": 29.140520524295713, "0.32222222222222219": 1120.4022574016308, "0.34999999999999998": 1276.118903201408, "0.2388888888888889": 57.31134978635712, "0.18333333333333335": 36.392157820155425}, "def": {"0.12777777777777777": 7.523085255085672, "0.26666666666666666": 136.39083459536087, "0.10000000000000001": 6.1464801228713934, "0.2944444444444444": 1229.2192150567466, "0.21111111111111111": 39.30264881683544, "0.15555555555555556": 10.161948396541614, "0.32222222222222219": 1499.1256712590637, "0.34999999999999998": 1561.2700440656495, "0.2388888888888889": 97.9104150651416, "0.18333333333333335": 14.066553438555527}}, "0.01": {"pol": {"0.12777777777777777": 18.127172194201282, "0.26666666666666666": 63.76905167103567, "0.10000000000000001": 18.58846778004335, "0.2944444444444444": 255.2856478716728, "0.21111111111111111": 18.393365818060968, "0.15555555555555556": 17.650154512506127, "0.32222222222222219": 410.5674169329447, "0.34999999999999998": 420.1070411052618, "0.2388888888888889": 23.648255476926124, "0.18333333333333335": 17.64580446295692}, "def": {"0.12777777777777777": 0.4270740543067937, "0.26666666666666666": 278.0955068051448, "0.10000000000000001": 0.4137499949255445, "0.2944444444444444": 562.6546513670637, "0.21111111111111111": 0.8679914052089985, "0.15555555555555556": 0.4763748010250406, "0.32222222222222219": 701.6957135223938, "0.34999999999999998": 554.0686832834697, "0.2388888888888889": 5.912052754024569, "0.18333333333333335": 0.6552586163988572}}}, "0.2": {"0.1": {"pol": {"0.25": 22.420833089612334, "0.50000000000000011": 102.4810953906884, "0.10000000000000001": 21.901009875329123, "0.20000000000000001": 22.65582884820586, "0.55000000000000004": 143.1678833780652, "0.15000000000000002": 22.82774130016569, "0.30000000000000004": 23.328631861640865, "0.40000000000000002": 32.4704716594766, "0.45000000000000007": 41.475696484126985, "0.35000000000000009": 30.5315702676286}, "def": {"0.25": 4.995146467098558, "0.50000000000000011": 42.88107805409195, "0.10000000000000001": 4.428497607619588, "0.20000000000000001": 4.134449499076035, "0.55000000000000004": 112.71762294550264, "0.15000000000000002": 3.8186599620924984, "0.30000000000000004": 5.44881921451126, "0.40000000000000002": 12.83365048654522, "0.45000000000000007": 13.764420875219992, "0.35000000000000009": 5.9340729858723416}}, "0.01": {"pol": {"0.25": 15.88826166462552, "0.50000000000000011": 54.28230281408104, "0.10000000000000001": 18.438264750655055, "0.20000000000000001": 16.746265871792556, "0.55000000000000004": 254.31511957643178, "0.15000000000000002": 17.492220844632808, "0.30000000000000004": 15.228220535185564, "0.40000000000000002": 15.721400691630206, "0.45000000000000007": 17.979998485438067, "0.35000000000000009": 14.526203872856748}, "def": {"0.25": 0.5512755187114075, "0.50000000000000011": 4.015172350586367, "0.10000000000000001": 0.40575848114937674, "0.20000000000000001": 0.48121440511135, "0.55000000000000004": 48.47941257667476, "0.15000000000000002": 0.44464092713357434, "0.30000000000000004": 0.6006348894493537, "0.40000000000000002": 0.8158061447803557, "0.45000000000000007": 1.9292844525097677, "0.35000000000000009": 0.6945226813202363}}}}