{"0.4": {"pol": {"0.15250000000000002": 14.223067849803554, "0.17625000000000002": 16.72381193244335, "0.20000000000000001": 19.914766637648796, "0.033750000000000002": 9.307702469875048, "0.081250000000000003": 10.270582427789774, "0.01": 8.985928806749024, "0.105": 11.264714148723721, "0.057500000000000002": 9.68042861956705, "0.12875": 12.496603543680546}, "bac": {"0.15250000000000002": 17.817311540379215, "0.17625000000000002": 18.611258231835357, "0.20000000000000001": 20.079291849098375, "0.033750000000000002": 12.485294856224458, "0.081250000000000003": 14.384178670909796, "0.01": 11.57517795077229, "0.105": 15.460812618271945, "0.057500000000000002": 13.3648743176096, "0.12875": 16.338349020220686}, "def": {"0.15250000000000002": 8.282019732046157, "0.17625000000000002": 15.399477540156461, "0.20000000000000001": 25.300689959526444, "0.033750000000000002": 0.6067988257536452, "0.081250000000000003": 1.9354411891983978, "0.01": 0.17935056533700597, "0.105": 3.185922029025904, "0.057500000000000002": 1.1137074170042776, "0.12875": 5.111440674398493}}, "0.2": {"pol": {"0.15250000000000002": 11.175052143918588, "0.17625000000000002": 11.630077321097232, "0.20000000000000001": 12.330504801952564, "0.033750000000000002": 9.343326194741948, "0.081250000000000003": 9.9484535853457, "0.01": 8.973826031449361, "0.105": 10.293600284693177, "0.057500000000000002": 9.587745177116703, "0.12875": 10.672803270288982}, "bac": {"0.15250000000000002": 5.614766869900878, "0.17625000000000002": 6.187764739624388, "0.20000000000000001": 6.898354844653172, "0.033750000000000002": 2.858549070447961, "0.081250000000000003": 3.992067688218425, "0.01": 2.3208072361672074, "0.105": 4.494556885577301, "0.057500000000000002": 3.3814745312598484, "0.12875": 5.080224551934798}, "def": {"0.15250000000000002": 2.9061789468641055, "0.17625000000000002": 3.612698191926773, "0.20000000000000001": 4.287156144352848, "0.033750000000000002": 0.6066552705770375, "0.081250000000000003": 1.4777388493236268, "0.01": 0.1802182931684632, "0.105": 1.9016652609729632, "0.057500000000000002": 1.0356318295575173, "0.12875": 2.4056790262601178}}}