{"0.4": {"pol": {"0.15250000000000002": 14.144919298061062, "0.17625000000000002": 16.55327934719481, "0.20000000000000001": 19.922192988832553, "0.033750000000000002": 9.267235804259805, "0.081250000000000003": 10.286404710593676, "0.01": 8.94518545063572, "0.105": 11.114681795876354, "0.057500000000000002": 9.644651504379933, "0.12875": 12.525426640200877}, "bac": {"0.15250000000000002": 19.82964208442134, "0.17625000000000002": 21.052413922342616, "0.20000000000000001": 22.608116655581707, "0.033750000000000002": 14.257573697191384, "0.081250000000000003": 16.477024053841284, "0.01": 13.474205904728615, "0.105": 17.52700065714393, "0.057500000000000002": 15.621670580667391, "0.12875": 18.546185038015498}, "def": {"0.15250000000000002": 8.614414925457707, "0.17625000000000002": 14.518547247342838, "0.20000000000000001": 26.020065603319242, "0.033750000000000002": 0.610094826742192, "0.081250000000000003": 1.9049596431561808, "0.01": 0.18076374933207284, "0.105": 3.162627481339063, "0.057500000000000002": 1.1331497727380637, "0.12875": 5.210130384672419}}, "0.2": {"pol": {"0.15250000000000002": 11.195925077219348, "0.17625000000000002": 11.717631636892262, "0.20000000000000001": 12.392051570144728, "0.033750000000000002": 9.301746525305644, "0.081250000000000003": 9.915335751747877, "0.01": 8.958840224979255, "0.105": 10.208998874146333, "0.057500000000000002": 9.546290100182965, "0.12875": 10.645972470469617}, "bac": {"0.15250000000000002": 6.225368806764934, "0.17625000000000002": 6.800961167253253, "0.20000000000000001": 7.482426312807379, "0.033750000000000002": 3.275290638127683, "0.081250000000000003": 4.357990767965741, "0.01": 2.8023109847030794, "0.105": 5.047172965572227, "0.057500000000000002": 3.886334408642131, "0.12875": 5.603494347899914}, "def": {"0.15250000000000002": 2.9789409252044172, "0.17625000000000002": 3.4752496115196565, "0.20000000000000001": 4.259263691677156, "0.033750000000000002": 0.6128789179161764, "0.081250000000000003": 1.4883276916989092, "0.01": 0.17816766837997638, "0.105": 1.9285842341497832, "0.057500000000000002": 1.0370498221863744, "0.12875": 2.4088080707288975}}}