{"0.4": {"pol": {"0.15250000000000002": 14.200034050732546, "0.17625000000000002": 16.546520094293573, "0.20000000000000001": 19.59147921814538, "0.033750000000000002": 9.260762528839907, "0.081250000000000003": 10.218940147690416, "0.01": 8.991620484483008, "0.105": 11.183616566595822, "0.057500000000000002": 9.728585992849105, "0.12875": 12.420970745962771}, "bac": {"0.15250000000000002": 14.073298193171782, "0.17625000000000002": 15.274497536316145, "0.20000000000000001": 16.164029412825123, "0.033750000000000002": 9.829646015880332, "0.081250000000000003": 11.376271732925723, "0.01": 8.90286847707724, "0.105": 12.215615668019867, "0.057500000000000002": 10.35578784582848, "0.12875": 13.190607911461008}, "def": {"0.15250000000000002": 8.176560892897445, "0.17625000000000002": 14.02700863721666, "0.20000000000000001": 25.211890516412744, "0.033750000000000002": 0.6090783898867039, "0.081250000000000003": 1.8591590471076846, "0.01": 0.17872032368560062, "0.105": 3.1134813196103686, "0.057500000000000002": 1.1255488744250095, "0.12875": 5.1676859802434425}}, "0.2": {"pol": {"0.15250000000000002": 11.084879638644118, "0.17625000000000002": 11.659298487372613, "0.20000000000000001": 12.299678770998069, "0.033750000000000002": 9.358923231092982, "0.081250000000000003": 9.887953176286668, "0.01": 8.954879835698238, "0.105": 10.314244368794176, "0.057500000000000002": 9.608274829331256, "0.12875": 10.613325369165409}, "bac": {"0.15250000000000002": 5.196108700036007, "0.17625000000000002": 5.83215640674371, "0.20000000000000001": 6.406804710265155, "0.033750000000000002": 2.4486987156023763, "0.081250000000000003": 3.5412988126280127, "0.01": 1.98147527560688, "0.105": 4.0894782066707425, "0.057500000000000002": 2.9829102068607867, "0.12875": 4.614256515328591}, "def": {"0.15250000000000002": 2.9130432997767133, "0.17625000000000002": 3.5901664071784882, "0.20000000000000001": 4.294980581548468, "0.033750000000000002": 0.6093578794557922, "0.081250000000000003": 1.4630234315459345, "0.01": 0.17953079366292146, "0.105": 1.9311928682917652, "0.057500000000000002": 1.0382697507230458, "0.12875": 2.405368832362617}}}