{"0.4": {"pol": {"0.15250000000000002": 14.05216757705134, "0.17625000000000002": 16.620712816135423, "0.20000000000000001": 19.85714663345325, "0.033750000000000002": 9.34048128050399, "0.081250000000000003": 10.286686484965516, "0.01": 8.977543825639646, "0.105": 11.312288305729709, "0.057500000000000002": 9.66094982260261, "0.12875": 12.53537381902471}, "bac": {"0.15250000000000002": 17.37353551323718, "0.17625000000000002": 18.63134617230943, "0.20000000000000001": 20.074461879165728, "0.033750000000000002": 12.231823195722612, "0.081250000000000003": 14.088134560362144, "0.01": 11.4077132598415, "0.105": 14.909791201046458, "0.057500000000000002": 13.094423928049245, "0.12875": 16.34609108583358}, "def": {"0.15250000000000002": 8.525592017877456, "0.17625000000000002": 13.689395656485477, "0.20000000000000001": 25.980543040592554, "0.033750000000000002": 0.6166212986344206, "0.081250000000000003": 1.884649433401659, "0.01": 0.1797735301854888, "0.105": 3.099169127716885, "0.057500000000000002": 1.1365366535873878, "0.12875": 5.275649694926274}}, "0.2": {"pol": {"0.15250000000000002": 11.161907506936483, "0.17625000000000002": 11.686263653495487, "0.20000000000000001": 12.417304689100567, "0.033750000000000002": 9.35146239003298, "0.081250000000000003": 9.907148419930635, "0.01": 8.94946160924758, "0.105": 10.273737924358265, "0.057500000000000002": 9.62188440097156, "0.12875": 10.657386322998127}, "bac": {"0.15250000000000002": 5.58187444429924, "0.17625000000000002": 6.1959613349879, "0.20000000000000001": 6.774443828195651, "0.033750000000000002": 2.7319899957500375, "0.081250000000000003": 3.8045594546151045, "0.01": 2.1869193171875434, "0.105": 4.374500399019084, "0.057500000000000002": 3.2283564252403076, "0.12875": 5.009623478280585}, "def": {"0.15250000000000002": 2.9831160301115585, "0.17625000000000002": 3.602140977414675, "0.20000000000000001": 4.281831012173306, "0.033750000000000002": 0.6087372812223573, "0.081250000000000003": 1.4668648235070634, "0.01": 0.17822887983136462, "0.105": 1.9187319472588227, "0.057500000000000002": 1.0381516257594139, "0.12875": 2.401293273734945}}}