{"0.4": {"pol": {"0.15250000000000002": 14.274805220366291, "0.17625000000000002": 16.36035771014861, "0.20000000000000001": 20.08416843507436, "0.033750000000000002": 9.349821330311174, "0.081250000000000003": 10.307796491549732, "0.01": 8.998727398255665, "0.105": 11.284460970445629, "0.057500000000000002": 9.716464215142143, "0.12875": 12.41611105688354}, "bac": {"0.15250000000000002": 10.493250817737469, "0.17625000000000002": 11.486692905731948, "0.20000000000000001": 12.656987969974526, "0.033750000000000002": 6.468689154155981, "0.081250000000000003": 7.9069276657530185, "0.01": 5.722909377961003, "0.105": 8.72374135775741, "0.057500000000000002": 7.199369928971297, "0.12875": 9.684554692530561}, "def": {"0.15250000000000002": 8.459708463857918, "0.17625000000000002": 14.574656170637823, "0.20000000000000001": 29.43333763094216, "0.033750000000000002": 0.6172066099289226, "0.081250000000000003": 1.8918627470368738, "0.01": 0.1796029227606647, "0.105": 3.1347956643174846, "0.057500000000000002": 1.1195233174886647, "0.12875": 5.318697627749644}}, "0.2": {"pol": {"0.15250000000000002": 11.140854149665218, "0.17625000000000002": 11.6310539002881, "0.20000000000000001": 12.337460167377015, "0.033750000000000002": 9.387459951386436, "0.081250000000000003": 9.94745692270103, "0.01": 9.006739606668596, "0.105": 10.291731279586031, "0.057500000000000002": 9.70778353470822, "0.12875": 10.720263370737324}, "bac": {"0.15250000000000002": 4.329694099074985, "0.17625000000000002": 4.995951312936477, "0.20000000000000001": 5.482084498080485, "0.033750000000000002": 1.6694807471096418, "0.081250000000000003": 2.7138021348947445, "0.01": 1.197784664320096, "0.105": 3.259098818220527, "0.057500000000000002": 2.1976353294842124, "0.12875": 3.8296160457789683}, "def": {"0.15250000000000002": 2.966950204045898, "0.17625000000000002": 3.491345342405159, "0.20000000000000001": 4.255852668900171, "0.033750000000000002": 0.6048134494815015, "0.081250000000000003": 1.476371111483756, "0.01": 0.18034111047689083, "0.105": 1.8975459810484554, "0.057500000000000002": 1.031195020118806, "0.12875": 2.4079968615467995}}}