{"0.4": {"pol": {"0.15250000000000002": 14.377981915981561, "0.17625000000000002": 16.287515550988598, "0.20000000000000001": 20.120902557312732, "0.033750000000000002": 9.340315983725938, "0.081250000000000003": 10.255993724329263, "0.01": 9.012842703682688, "0.105": 11.154699387369158, "0.057500000000000002": 9.742369868314928, "0.12875": 12.483243850834308}, "bac": {"0.15250000000000002": 15.79215619171157, "0.17625000000000002": 16.8347450036867, "0.20000000000000001": 18.418283068132137, "0.033750000000000002": 10.8166473020066, "0.081250000000000003": 12.663948473247684, "0.01": 10.04232611780758, "0.105": 13.655903031723536, "0.057500000000000002": 11.587921167399124, "0.12875": 14.888840942165482}, "def": {"0.15250000000000002": 8.423655946529221, "0.17625000000000002": 13.910715823836451, "0.20000000000000001": 25.996806306984094, "0.033750000000000002": 0.6190755284130253, "0.081250000000000003": 1.9211502908865652, "0.01": 0.18033216397196575, "0.105": 3.126046478373111, "0.057500000000000002": 1.118464950321957, "0.12875": 5.003446706724813}}, "0.2": {"pol": {"0.15250000000000002": 11.199599443787314, "0.17625000000000002": 11.753812516168447, "0.20000000000000001": 12.355481125004426, "0.033750000000000002": 9.335341921488677, "0.081250000000000003": 9.969419235116499, "0.01": 9.05869415279991, "0.105": 10.322595091239547, "0.057500000000000002": 9.660857388515685, "0.12875": 10.685463643210404}, "bac": {"0.15250000000000002": 5.254781154009225, "0.17625000000000002": 5.850909182384745, "0.20000000000000001": 6.546356042789276, "0.033750000000000002": 2.5009892857076164, "0.081250000000000003": 3.6074641736508277, "0.01": 1.9323571361189558, "0.105": 4.083383792020019, "0.057500000000000002": 3.023708224469708, "0.12875": 4.70506454046983}, "def": {"0.15250000000000002": 2.962076906927534, "0.17625000000000002": 3.5731709606771678, "0.20000000000000001": 4.3627959645963275, "0.033750000000000002": 0.6057519997045947, "0.081250000000000003": 1.4678962124261357, "0.01": 0.1791640881559818, "0.105": 1.9090744272580167, "0.057500000000000002": 1.0290912551150757, "0.12875": 2.401924156180339}}}