{"0.4": {"pol": {"72": {"0.15250000000000002": 34.92205383084341, "0.17625000000000002": 35.98165453937206, "0.20000000000000001": 38.30813604997698, "0.033750000000000002": 35.38585863562157, "0.081250000000000003": 34.719445831495044, "0.01": 35.90440281263221, "0.105": 34.4141536885142, "0.057500000000000002": 35.061114010574165, "0.12875": 34.28985055151177}, "9.0": {"0.15250000000000002": 11.497313335580019, "0.17625000000000002": 14.230687027644102, "0.20000000000000001": 17.60776945200591, "0.033750000000000002": 5.123670397183892, "0.081250000000000003": 6.806201848300875, "0.01": 4.650707349122303, "0.105": 8.062221633665336, "0.057500000000000002": 5.784408174249304, "0.12875": 9.661475664345108}, "18": {"0.15250000000000002": 14.111834418250131, "0.17625000000000002": 16.378982569356474, "0.20000000000000001": 20.117826378564565, "0.033750000000000002": 9.327271670198305, "0.081250000000000003": 10.291309279509079, "0.01": 8.993927030370095, "0.105": 11.13514338866836, "0.057500000000000002": 9.610682874375701, "0.12875": 12.328972532257053}, "36": {"0.15250000000000002": 20.56942768342194, "0.17625000000000002": 22.594854992043523, "0.20000000000000001": 25.40545185233726, "0.033750000000000002": 17.985631533824343, "0.081250000000000003": 18.259775446988794, "0.01": 17.74340872524166, "0.105": 18.606680503485343, "0.057500000000000002": 18.137865146961467, "0.12875": 19.29077716403743}}, "bac": {}, "def": {"72": {"0.15250000000000002": 3.743621265859127, "0.17625000000000002": 6.558001242486183, "0.20000000000000001": 16.241509539917235, "0.033750000000000002": 0.6137257248036597, "0.081250000000000003": 1.470255949412845, "0.01": 0.17814010567298635, "0.105": 1.9722577045705434, "0.057500000000000002": 1.0316415375674723, "0.12875": 2.7468200027170493}, "9.0": {"0.15250000000000002": 10.967242043909339, "0.17625000000000002": 18.837487795788586, "0.20000000000000001": 28.297915033521004, "0.033750000000000002": 0.6944892815979951, "0.081250000000000003": 2.823937525902806, "0.01": 0.180983410759543, "0.105": 4.541440657680171, "0.057500000000000002": 1.489060862894502, "0.12875": 6.723262352695738}, "18": {"0.15250000000000002": 8.704660357251294, "0.17625000000000002": 13.559826329508988, "0.20000000000000001": 25.671159942773162, "0.033750000000000002": 0.6078838336316987, "0.081250000000000003": 1.869972393206786, "0.01": 0.17949495191486567, "0.105": 3.2037442225083623, "0.057500000000000002": 1.1228637652754483, "0.12875": 5.043778786203574}, "36": {"0.15250000000000002": 6.088091077807118, "0.17625000000000002": 10.265536844534566, "0.20000000000000001": 19.076119090987035, "0.033750000000000002": 0.6080012215190289, "0.081250000000000003": 1.5662567238767229, "0.01": 0.18196104851256126, "0.105": 2.36705376556153, "0.057500000000000002": 1.033263852406955, "0.12875": 3.514322429007296}}}, "0.2": {"pol": {"72": {"0.15250000000000002": 33.616616733498624, "0.17625000000000002": 33.483053373417675, "0.20000000000000001": 33.48915866919308, "0.033750000000000002": 35.40601420036001, "0.081250000000000003": 34.72136420868496, "0.01": 35.92954393827661, "0.105": 34.254236847926, "0.057500000000000002": 35.01148155696328, "0.12875": 33.97121068007482}, "9.0": {"0.15250000000000002": 7.780100430241293, "0.17625000000000002": 8.527279665994849, "0.20000000000000001": 9.253175337142324, "0.033750000000000002": 5.101215968140242, "0.081250000000000003": 6.024276625569262, "0.01": 4.68984282286852, "0.105": 6.521224954659129, "0.057500000000000002": 5.515313379826834, "0.12875": 7.076293058275497}, "18": {"0.15250000000000002": 11.07876548177857, "0.17625000000000002": 11.76061993269568, "0.20000000000000001": 12.32010052225689, "0.033750000000000002": 9.359799045968513, "0.081250000000000003": 9.95458393303977, "0.01": 8.973859980882168, "0.105": 10.161805985576493, "0.057500000000000002": 9.593156362743755, "0.12875": 10.681102041401601}, "36": {"0.15250000000000002": 18.4401507748448, "0.17625000000000002": 18.75867621232788, "0.20000000000000001": 19.26028000299822, "0.033750000000000002": 17.94195201296243, "0.081250000000000003": 17.99945505624692, "0.01": 17.79891990982189, "0.105": 18.24694905475269, "0.057500000000000002": 18.107985689059685, "0.12875": 18.219693184704667}}, "bac": {}, "def": {"72": {"0.15250000000000002": 2.7321208040738143, "0.17625000000000002": 3.210570692256096, "0.20000000000000001": 3.6157710010267383, "0.033750000000000002": 0.6102963447329326, "0.081250000000000003": 1.4837708791185034, "0.01": 0.1806519436228988, "0.105": 1.892133452605894, "0.057500000000000002": 1.0280907788750147, "0.12875": 2.332969646251916}, "9.0": {"0.15250000000000002": 3.357615696806371, "0.17625000000000002": 4.169106680967959, "0.20000000000000001": 5.030063358279527, "0.033750000000000002": 0.6072434197429928, "0.081250000000000003": 1.5226648328242014, "0.01": 0.18055904038906426, "0.105": 2.05080109539132, "0.057500000000000002": 1.0337809160110039, "0.12875": 2.67500327903193}, "18": {"0.15250000000000002": 2.950276962243025, "0.17625000000000002": 3.480650237876125, "0.20000000000000001": 4.348703063736734, "0.033750000000000002": 0.6152740820563124, "0.081250000000000003": 1.4614703905432458, "0.01": 0.1795323145345801, "0.105": 1.9202255025502142, "0.057500000000000002": 1.0265975673092833, "0.12875": 2.4395262461830294}, "36": {"0.15250000000000002": 2.813072815930421, "0.17625000000000002": 3.350657329444186, "0.20000000000000001": 3.883801294370456, "0.033750000000000002": 0.6050674372806136, "0.081250000000000003": 1.4572608442436166, "0.01": 0.1804308706016757, "0.105": 1.9060615077041025, "0.057500000000000002": 1.0278670585444352, "0.12875": 2.3283244817378885}}}}