{"0.4": {"pol": {"0.15250000000000002": 20.518023360652137, "0.17625000000000002": 22.900675969627734, "0.20000000000000001": 25.520826042614768, "0.033750000000000002": 17.77554349951291, "0.081250000000000003": 18.455607290757698, "0.01": 17.95303190949378, "0.105": 18.44048545679255, "0.057500000000000002": 17.93431436272332, "0.12875": 19.751703215634436}, "bac": {"0.15250000000000002": 12.865497280674308, "0.17625000000000002": 14.230204924436766, "0.20000000000000001": 15.145257432521872, "0.033750000000000002": 8.323877203298503, "0.081250000000000003": 10.05861528123074, "0.01": 7.47507972493936, "0.105": 11.307066538662356, "0.057500000000000002": 8.961938297809407, "0.12875": 11.920469539715462}, "def": {"0.15250000000000002": 6.612697942542462, "0.17625000000000002": 9.588486438497982, "0.20000000000000001": 21.453447798402944, "0.033750000000000002": 0.6217787171758152, "0.081250000000000003": 1.5840093004167535, "0.01": 0.18367903394759766, "0.105": 2.294606032987415, "0.057500000000000002": 1.1009194289706892, "0.12875": 3.7601462399943952}}, "0.2": {"pol": {"0.15250000000000002": 18.563339248019858, "0.17625000000000002": 18.662118228756924, "0.20000000000000001": 18.992772637309688, "0.033750000000000002": 17.85582048199366, "0.081250000000000003": 18.151003441562743, "0.01": 17.854221536177555, "0.105": 18.20065058917238, "0.057500000000000002": 17.953593409493724, "0.12875": 18.36509363727686}, "bac": {"0.15250000000000002": 4.653446552641293, "0.17625000000000002": 5.207732910370358, "0.20000000000000001": 5.780135649378276, "0.033750000000000002": 1.9948761091627027, "0.081250000000000003": 3.1940069812500997, "0.01": 1.5656816458435625, "0.105": 3.5750305993630227, "0.057500000000000002": 2.5600465003040567, "0.12875": 4.054661802155536}, "def": {"0.15250000000000002": 2.853279149333118, "0.17625000000000002": 3.0886216825563, "0.20000000000000001": 3.8408374015666933, "0.033750000000000002": 0.6355205317755342, "0.081250000000000003": 1.4920483015712773, "0.01": 0.18737996797980228, "0.105": 1.9548840769966058, "0.057500000000000002": 1.016497934291654, "0.12875": 2.303722282332481}}}