{"0.4": {"pol": {"0.15250000000000002": 20.717849023678315, "0.17625000000000002": 22.73402932571598, "0.20000000000000001": 24.172876307335194, "0.033750000000000002": 17.77512719825246, "0.081250000000000003": 18.23901109925505, "0.01": 17.78378772982497, "0.105": 18.535415150169353, "0.057500000000000002": 17.830380947781684, "0.12875": 19.391308777382758}, "bac": {"0.15250000000000002": 12.635933380964158, "0.17625000000000002": 13.52765609425895, "0.20000000000000001": 15.249198570906733, "0.033750000000000002": 8.399606116713624, "0.081250000000000003": 9.654822389025078, "0.01": 7.493620575524334, "0.105": 10.852594749484943, "0.057500000000000002": 9.10395701322341, "0.12875": 11.786383726844054}, "def": {"0.15250000000000002": 5.656126412546059, "0.17625000000000002": 10.9194667144087, "0.20000000000000001": 19.67019570736212, "0.033750000000000002": 0.5967051683165856, "0.081250000000000003": 1.5563672110829285, "0.01": 0.1811521282612435, "0.105": 2.217960089204075, "0.057500000000000002": 1.0255926808066302, "0.12875": 3.4074964562096617}}, "0.2": {"pol": {"0.15250000000000002": 18.578120085692504, "0.17625000000000002": 18.540685228019598, "0.20000000000000001": 18.991490274697444, "0.033750000000000002": 17.892153094134542, "0.081250000000000003": 17.99044397872995, "0.01": 17.83051698243124, "0.105": 18.316015822591122, "0.057500000000000002": 18.309896208292553, "0.12875": 18.267790778029067}, "bac": {"0.15250000000000002": 4.56401174363599, "0.17625000000000002": 5.320815931679742, "0.20000000000000001": 5.806159382815413, "0.033750000000000002": 2.0440099446660693, "0.081250000000000003": 3.04919958838044, "0.01": 1.5345522573458568, "0.105": 3.612653378747403, "0.057500000000000002": 2.627111295162095, "0.12875": 4.076434204630762}, "def": {"0.15250000000000002": 2.6906254281853728, "0.17625000000000002": 3.187921769968343, "0.20000000000000001": 3.844200569769046, "0.033750000000000002": 0.5990046886601365, "0.081250000000000003": 1.4266035803301373, "0.01": 0.17966539683232757, "0.105": 1.8604196488835054, "0.057500000000000002": 1.0695593346320047, "0.12875": 2.2988358932432167}}}